Filename,Method,RMSE,MAE,Extrema_MAE,Extrema_MAE_scaled,MAPE_pk,MAVE_vl,Lag,Ref_Angle,Scale_k,RMSE_scaled,MAE_scaled
log_1626_93118,KF_inv,2.2089533708712317,1.8170215479641985,2.0631307769752247,1.367559009739865,2.842128994044535,1.344055499680477,14,80.13450341902883,1.1111111111111112,1.260912610568997,0.8987221295046206
log_1626_93118,SG,2.4003970921518394,1.884239661421144,2.1420697478678257,1.3152271633916548,2.7952798050976213,1.5391066181172448,2,80.24663130297154,1.107070707070707,1.5744197155199684,1.066761626041785
log_1626_93118,KF_on_SG,2.4795765243178463,1.9121981231743896,2.2176792610016247,1.246253786941341,2.9733088494500244,1.5201750255107942,6,80.44614132254196,1.107070707070707,1.6939767764598408,1.140376634950131
log_1618_76251,KF_inv,2.4785771369138545,1.7318633773019017,3.4242341366329994,1.3538146551574557,2.2702183163350185,3.712738091707495,19,94.41798274818845,0.8767676767676768,2.1664669832156114,1.3680852021355676
log_1618_76251,SG,2.591306924770862,1.906512740259626,2.0012284125405655,1.6209943395077175,2.94572484582514,1.765104304219422,4,93.38781065381649,0.8848484848484849,2.3065149355652195,1.488380848945726
log_1618_76251,KF_on_SG,2.40439031549843,1.8001362300460746,1.851072224220887,1.9133647883422724,3.2022696255256875,1.513272873894687,11,93.16370360163984,0.8808080808080808,2.1585784696748185,1.3952376348552902
log_1622_64296,KF_inv,3.1340739284725636,2.5159702683844767,2.410087965985739,1.9213754076855731,2.389692267893327,2.4316834110247627,10,107.08962100195482,0.9131313131313131,2.814125159426535,1.9977907631333427
log_1622_64296,SG,3.137030538876479,2.462593882742385,3.918413743672104,3.6753302696308148,4.03642665352246,3.7934588979481987,10,123.01126804103589,0.9575757575757575,2.8620420866211758,1.9824603415538427
log_1622_64296,KF_on_SG,3.0964502568846672,2.472684357754781,4.081445743277699,3.9863119275235235,4.631208805372705,3.499343677530046,12,129.39593237483322,0.9656565656565657,2.861118046422705,2.001840657018442
