Filename,Method,RMSE,MAE,Extrema_MAE,Extrema_MAE_scaled,MAPE_pk,MAVE_vl,Lag,Ref_Angle,Scale_k,RMSE_scaled,MAE_scaled
log_1626_93118,KF_inv,3.5001302286470293,2.727859852878208,3.2404611721898333,1.8205520830896227,4.818451712324112,1.7838545197581914,14,86.73238607110747,1.2939698492462313,1.6368793153218062,1.124295944807401
log_1626_93118,SG,3.618589377602223,2.7518523305839806,3.4337483737148733,1.7593335547161728,5.054274641609092,1.9378779725817485,2,86.8340606775755,1.2939698492462313,1.9076172120110515,1.2784354869567414
log_1626_93118,KF_on_SG,3.672801545633531,2.7603383741911443,3.5069356830786647,1.6749821045534736,5.223706882848355,1.9222238063681811,6,86.91350811252428,1.2939698492462313,2.0079619285481196,1.3486325396465983
log_1618_76251,KF_inv,2.4785771369138545,1.7318633773019017,3.4242341366329994,1.3545386691717085,2.2702183163350185,3.712738091707495,19,94.41798274818845,0.8768844221105527,2.1662863107446406,1.368088391029462
log_1618_76251,SG,2.591306924770862,1.906512740259626,2.0012284125405655,1.576717852403857,2.94572484582514,1.765104304219422,4,93.38781065381649,0.8869346733668342,2.3053449806037363,1.4883907603646016
log_1618_76251,KF_on_SG,2.40439031549843,1.8001362300460746,1.851072224220887,1.8904141951972833,3.2022696255256875,1.513272873894687,11,93.16370360163984,0.8819095477386935,2.1572158557196515,1.3952578650267726
log_1622_64296,KF_inv,3.1340739284725636,2.5159702683844767,2.410087965985739,1.9234747252339672,2.389692267893327,2.4316834110247627,10,106.71586846148827,0.9120603015075377,2.8152206573194336,1.9978166565026032
log_1622_64296,SG,3.137030538876479,2.462593882742385,3.918413743672104,3.6738998967777587,4.03642665352246,3.7934588979481987,10,123.01126804103589,0.957286432160804,2.8626008296308507,1.982514532988562
log_1622_64296,KF_on_SG,3.0964502568846672,2.472684357754781,4.081445743277699,3.995559490974839,4.631208805372705,3.499343677530046,12,127.29343898857107,0.9623115577889447,2.866055894242747,2.002939281594499
