Filename,Method,RMSE,MAE,Extrema_MAE,Extrema_MAE_scaled,MAPE_pk,MAVE_vl,Lag,Ref_Angle,Scale_k,RMSE_scaled,MAE_scaled
log_1626_93118,KF_inv,3.5001302286470293,2.727859852878208,3.2404611721898333,1.8004037708255578,4.818451712324112,1.7838545197581914,14,83.8811463604761,1.2,1.6597068303529556,1.2342206841830914
log_1626_93118,SG,3.618589377602223,2.7518523305839806,3.4337483737148733,1.7263139751888912,5.054274641609092,1.9378779725817485,2,84.40750549830571,1.2,1.9242226291328055,1.395868990010268
log_1626_93118,KF_on_SG,3.672801545633531,2.7603383741911443,3.5069356830786647,1.6712956735374342,5.223706882848355,1.9222238063681811,6,84.53988614769403,1.2,2.0300325305805678,1.468130052324264
log_1618_76251,KF_inv,2.4785771369138545,1.7318633773019017,3.4242341366329994,1.3538146551574557,2.2702183163350185,3.712738091707495,19,94.41798274818845,0.8767676767676768,2.1664669832156114,1.3680852021355676
log_1618_76251,SG,2.591306924770862,1.906512740259626,2.0012284125405655,1.6209943395077175,2.94572484582514,1.765104304219422,4,93.38781065381649,0.8848484848484849,2.3065149355652195,1.488380848945726
log_1618_76251,KF_on_SG,2.40439031549843,1.8001362300460746,1.851072224220887,1.9133647883422724,3.2022696255256875,1.513272873894687,11,93.16370360163984,0.8808080808080808,2.1585784696748185,1.3952376348552902
log_1622_64296,KF_inv,3.1340739284725636,2.5159702683844767,2.410087965985739,1.9213754076855731,2.389692267893327,2.4316834110247627,10,107.08962100195482,0.9131313131313131,2.814125159426535,1.9977907631333427
log_1622_64296,SG,3.137030538876479,2.462593882742385,3.918413743672104,3.6753302696308148,4.03642665352246,3.7934588979481987,10,123.01126804103589,0.9575757575757575,2.8620420866211758,1.9824603415538427
log_1622_64296,KF_on_SG,3.0964502568846672,2.472684357754781,4.081445743277699,3.9863119275235235,4.631208805372705,3.499343677530046,12,129.39593237483322,0.9656565656565657,2.861118046422705,2.001840657018442
